The Great Crypto Re-Banking Has Begun,70
Dating apps to add age checks in the UK,4
Aaron Glenn is here to take away the Jets pain he knows all too well,70
Trump unveils his plan to put AI in everything,42
New Documents Shed Light on Bryan Kohberger and Idaho Student Murders,2
Have You Tried Alternative Health Treatments?,2
Trump announces U.S. AI Action Plan. Heres 3 major takeaways.,5
EU demands ‘explanations’ on Ukrainian reforms and says there ‘cannot be a compromise’ on corruption – as it happened,2
Everything Is a ‘False Flag’ Now,80
Peta praises bat-biting Ozzy Osbourne for ‘the gentle side he showed to animals’,30
10% Off Canon Promo Code & Coupons,60
"Woman, 21, found covered in head-to-toe stab, hammer wounds in NYC stairwell, indicating torture led to her death: sources",60
Rocker Ozzy Osbourne is dead at 76 as fans and celebrities mourn on social media,30
Texas man sues doctor for allegedly supplying abortion pills to girlfriend,10
The UK government will ban ransomware payments. Is this the way to stop hackers?,10
This iPhone case switches Lightning ports to USB-C,5
Rock legend Ozzy Osbourne spent final days with family in England home: report,6
I’m an expert on ageing. Here’s what I know about thriving in later life | Kerry Burnight,4
"Lee Westwood blasts Official World Golf Ranking after jumping 3,759 spots with Open Championship finish",60
"Gaza suffering man-made mass starvation, says WHO chief",2
Nicola Jennings on Donald Trump and the Epstein files – cartoon,2
30 Personal Care Products Reviewer After Reviewer Call “Holy Grail” Material,20
‘People said it would never be done’: UK and India trade agreement defies expectations,4
Sign up for Well Actually: a free weekly newsletter about health and wellness,1
New to streaming: How to watch Wes Andersons The Phoenician Scheme at home,2
A $17 Hotdog and a Humanoid Robot Serving Popcorn: WIRED’s Day at the Tesla Diner,40
Google is bringing its AI-powered photo-to-video capability to more apps,2
Trump administration opens inquiry into universities over Daca scholarships,12
The Fantastic Four cast plays a silly game of true or false on Kimmel,2
Thailand recalls Cambodia ambassador after landmine injures soldier on border,2
Arsenal seal €73.5m Viktor Gyökeres deal after late-night breakthrough,23
Markets rally after Trump announces tariff deal with Japan,5
MLK Files Release Renews Debate Over His Legacy,2
Zero review – Senegalese time-bomb thriller is a blast,40
The Kindle is my ultimate travel essential — heres why,80
The new Dyson Airwrap comes with updated attachments and tech,0
OpenAI's New CEO of Applications Strikes Hyper-Optimistic Tone in First Memo to Staff,2
It Looks Like the Tesla Model Y Refresh Has Bombed,60
"Fiberglass-Free, Chemical-Free: Natural Fire Barriers for Mattresses",5
Guardian writers on their ultimate feelgood movies: ‘Radical in its own way’,1
Jon Stewart Was So Upset About Stephen Colbert's Cancellation That He Ended An Emotional Speech With Just 3 Shocking Words,85
Trump’s Attempts to Change the Topic From Epstein: A Timeline,2
"Hey Parents — Tell Us The Absolute Creepiest, Most Out-Of-Pocket Thing Your Kid Has Ever Said",85
The Nicki Minaj challenge explained: Why everyone on TikTok is posing,20
Lauren Sánchez shows her wild side in sheer animal-print dress on St. Tropez date night with Jeff Bezos,85
How to stream all the Fantastic Four movies,20
Bills GM backs Maxwell Hairston as rookie faces sexual assault lawsuit: ‘Didn’t run from anything’,40
"""We Have Failed"": Gen Z Is Apparently Missing Out On A VERY Specific High School Experience, And My Jaw Is On The Floor",95
Jalin Hyatt making big changes in attempt to salvage Giants career,20
Stephen Colbert declares ‘gloves are off’ as cancelled Late Show host takes aim at Trump,70
"Covid, social media, Black Lives Matter: Ari Aster’s Eddington takes 2020 on and mostly succeeds",10
Joe Rogan anoints a new progressive star – can James Talarico triumph in Texas?,40
New York Republicans Unite in Attacking Mamdani,40
Get this spooky Wednesday Addams Lego set ahead of the season 2 premiere,60
Nine Questions About the Epstein Case That Actually Need Answers,23
WATCH: Rioter who threw rocks at federal agents arrested at border: ‘We got him’,80
Tour de France: Pogacar backlash builds while Milan wins stage 17 sprint,2
Donkey Kong Bananza review - delirious destruction derby takes hammer to platforming conventions,60
"How do I stay healthy in my 50s, 60s and 70s?",2
Man rescued trying to reach Spain from Morocco in rubber ring and flippers,30
The Osbournes changed reality TV forever for better or worse,8
The Nintendo Switch 2 Pokémon Legends: Z-A bundle is finally here,20
Edwin Diaz thriving with his changing Mets workload,5
HP OmniBook X Flip 14 Review: Flip Flop,60
iOS 27 is reportedly focused on foldable iPhone features,20
WATCH: Bryan Kohberger shredded by victims' families during emotional sentencing hearing,80
"Albanese government worse than Morrison era at producing documents for public scrutiny, report finds",20
Silicon Valley AI Startups Are Embracing China’s Controversial ‘996’ Work Schedule,40
"Trump's Latest Baffling Claim Has The Internet Collectively Losing It, And The Reactions Are Brutal",85
Microsoft Put Older Versions of SharePoint on Life Support. Hackers Are Taking Advantage,60
"Reveille X, Texas A&M's collie mascot, undergoes eye surgery following glaucoma diagnosis",2
Eleven-minute race for food: how aid points in Gaza became ‘death traps’ – a visual story,40
Take $330 off the Anker Solix C100 portable power station at Amazon,80
41 Cheap Things That'll Make Your Life Look And Feel Fancy,60
"NYT Connections hints today: Clues, answers for July 23, 2025",1
The 47 Best Shows on Hulu Right Now (August 2025),3
My friends made plans without me – is it weird to invite myself?,50
"These 35 Gorgeous, Practical Products Are Unexpectedly Quite Affordable, Too",60
Hulu’s Washington Black changes the novel’s ending entirely,30
"X Data Center Fire in Oregon Started Inside Power Cabinet, Authorities Say",1
Amazons Fire TV Cube is down to under $100 for a limited time,5
Attention: Apple AirPods 4 are back under $100 at Amazon,7
15% Off Dell Coupon Codes | July 2025,20
"As lawmakers head into August recess, the Epstein controversy keeps bubbling",8
Leaked Memo: Anthropic CEO Says the Company Will Pursue Gulf State Investments After All,20
EPA Employees Still in the Dark as Agency Dismantles Scientific Research Office,30
Australia lifts ban on US beef but denies decision was made to appease Trump,20
The workout-worthy Soundcore AeroFit 2 headphones are under $100 at Amazon,5
Should I get the Kindle Colorsoft for comics? What Ive learned.,2
Should Democrats pursue progressivism or moderation? That’s a false choice | Michael Massing,10
"7,000 steps a day could be enough to improve health, say researchers",2
"Ozzy Osbourne, the people’s Prince of Darkness, took heavy metal into the light | Alexis Petridis",1
A Head-to-Toe Breakdown of Social Media’s Billion-Dollar Remedies,11
"Ukraine urges Trump to provide long-range missiles to cripple, attack deep within Russia: report",70
Lionel Messi and Jordi Alba face suspension for skipping MLS All-Star game,2
"Advocates demand closure of ‘Alligator Alcatraz’, citing appalling conditions",60
A New Era for WIRED—That Starts With You,40
Insurance claims from LA fires could ‘fully exhaust’ $21bn state fund,2
"Stephen Colbert: ‘The more we know about Trump’s relationship to Epstein, the more we wish we didn’t’",80
The Empire of Forgetting by John Burnside review – last words from an essential poet of our age,2
Meta has a wristband that controls computers with hand gestures,40
"Hisense U8QG TV Review: Beautifully Bright, Tough to Tame",50
How WIRED Analyzed the Epstein Video,40
Trump announces Japan trade deal as doubt cast over future of PM Ishiba,20
Tell us how popular culture has prompted you to make a dramatic life change,85
The Amazon Fire TV 4-Series just dropped below $300 — stop what youre doing and save over $100,70
Shark vs. Dyson: Which cordless vacuum should you get?,5
How Trump’s war on clean energy is making AI a bigger polluter,60
Sean Manaea’s latest Mets battle provides hugely invigorating sign,60
"Ever Wondered If You're A Graceful Fairy, Fierce Dragon, Or Mysterious Mermaid? This Quiz Will Reveal Your True Mythical Identity",85
Share your tributes and memories of Ozzy Osbourne,0
37 Products Future You Will Feel Like A Genius For Buying,87
Song of the summer 2025: writers pick their tracks of the season,0
"50 Products So Revolutionary, You’ll Call Them Paul Revere",70
‘The Fantastic Four: First Steps’ review: One of the best MCU films in years,20
"At Texas Flooding Hearing, State Officials Look Elsewhere for Blame",5
Supreme Court allows Trump to fire 3 Democrats on consumer safety panel,80
The Google Pixel 10 teasers are getting out of hand,20
White House warns 'The View' could be canceled next after Joy Behar's anti-Trump rant,74
Afghan translator who worked for US military detained by Ice in Connecticut,20
"‘What if everyone didn’t die?’ The queer, Pulitzer-winning, happy-ending Hamlet",30
Score $500 off an unlocked Samsung Galaxy S24 Ultra at Best Buy,2
Spain to face England in Euro 2025 final after Bonmatí’s extra-time strike sinks Germany,55
Apple launches $20 subscription service to protect your gadgets,0
"If You Were A Weird Kid Who Grew Up To Be A Weirder Adult, You’ll Probably Love These 34 Products",90
"‘Save Colbert’ rally in New York City touts petition signed by 250,000 people",8
Miami Dolphins’ Bayron Matos airlifted to hospital after injury in practice,2
The Chatbot Culture Wars Are Here,60
"Earth’s underground networks of fungi need urgent protection, say researchers",2
"Hulk Hogan was an era-defining American brand: big, brash and bizarre | Jesse Hassenger",2
30 Products Reviewers Say Make Everyday Tasks So Much Easier,10
An Inventor Is Injecting Bleach Into Cancerous Tumors—and Wants to Bring the Treatment to the US,40
Here Are All Of The Reactions To Hulk Hogan's Death,87
"Hurdle hints and answers for July 24, 2025",0
‘South Park’ and Other Paramount Shows Skewer Trump After Settlement,2
Rod Stewart's Response To Trump Calling Canada The 51st State Is Very Funny And Going Viral,87
Magnus Carlsen shows how Saudi Arabia gobbles up global sports stars,60
"‘We faced hunger before, but never like this’: skeletal children fill hospital wards as starvation grips Gaza",60
"Men Are Sharing The Things Women Do On A First Date That ""Immediately Turn Them Off,"" And It's Getting Veryyy Heated",90
US and Israel ditch ceasefire talks as Trump envoy points finger at Hamas,40
It is one of the deadliest chemicals on Earth – but even Mexico’s cartels can’t resist the lure of mercury,20
Trump order pushes local officials to clear unhoused people from streets,5
Scott Morrison tells US Australia risks going to sleep on China threat after diplomatic ‘charm and flattery’,40
"‘Don’t feel like you have to stop at one’: the shiny, thrifty brooch revival",10
Trump administration approves sale of CBS parent company Paramount,6
SteelSeries Rival 3 Gen 2 Review: Good Budget Gaming Mice,1
Convicted Murderer Freed by Trump in Venezuelan Prisoner Swap Is Free in U.S.,60
Google’s Pixel Watch 4 might charge on its side,5
"Trump sides with Big Tech in AI copyright battle — ""China’s not doing it""",60
"Candace Cameron Bure details journey with disordered eating, says the thoughts ‘never leave me’",30
A Premium Luggage Service’s Web Bugs Exposed the Travel Plans of Every User—Including Diplomats,70
Nothings new smartwatch does something even the Apple Watch Ultra cant do — it puts ChatGPT on your wrist,80
"This like-new MacBook Pro is over $1,000 off",60
"‘Horrendous blisters’: Retired UK banker, 65, attempts to run 200 marathons in 200 days",40
Hints of Life on Exoplanet K2-18b Recede Even Further,50
New York Jets quarterback Justin Fields carted off with toe injury at camp,4
US justice department officials meet Ghislaine Maxwell,2
How violent protests in Epping are being fuelled by disinformation,20
"‘Laughing and out of breath, he thanked us for the snowball fight’: fans on the magic of Ozzy Osbourne",32
Newsman or businessman? Murdoch walks tightrope in battle with Trump,6
Snag a two-pack of Tile Pro Bluetooth trackers at Woot for a record-low price of $35,2
Tesla’s European sales slump as Musk warns of ‘rough quarters’ ahead,8
My favorite wireless power bank is $15 off at Amazon right now,10
A fifth of California homes are investor-owned as state’s affordability crisis deepens – report,15
Trump signs executive order to regulate the business of college sports,2
The best budget smartphone you can buy,20
"If Trump Keeps Intimidating the Fed, He Will Pay a Price",40
The Samsung Galaxy Tab S6 Lite is even cheaper than it was on Prime Day,25
Indian police arrest man accused of running fake embassy,5
This stunning 4K Samsung monitor is still at its lowest-ever price at Amazon,70
Australia news live: Wong ‘deeply concerned’ by Thailand-Cambodia tensions; Spender says Labor has opened door for ‘difficult’ tax reform,30
"20 Far-Right Conservatives Spewed Their Wild Beliefs In A Debate With 1 Progressive, And It's Going Viral For Being Absolutely Absurd",80
Wait … can you get a hernia from wearing tight pants?,1
Trump’s AI Action Plan Is a Crusade Against ‘Bias’—and Regulation,30
A new Nintendo Switch 2 Pokémon Legends: Z-A bundle is available for preorder,5
People in the US: have you been affected by Trump’s cuts to scientific research?,15
The Lost Elms by Mandy Haggith review – cultural history of a noble tree,1
"I tested a bunch of Switch 2 screen protectors, and these are the best",20
Why are we reluctant to recognize Israel’s genocide in Gaza? | Kenneth Roth,80
Savannah Bananas player faceplants on CNN after brutal backflip attempt,60
Five Canadian hockey players found not guilty in blockbuster sexual assault trial,20
Seattle woman takes Navy's Blue Angels to court over social media censorship and 'acoustic torture' of cat,85
Israel and the U.S. Withdraw From Cease-Fire Talks With Hamas,5
Cursor’s New Bugbot Is Designed to Save Vibe Coders From Themselves,60
Padres trapped in a Dylan Cease trade deadline dilemma,67
Trump administration scrutiny of academic institutions stretches beyond elite colleges,2
36 Gifts So Fun And Cute That They’d Even Make Eeyore Smile,60
Kneecap lambast Viktor Orbán over ‘outrageous’ ban from Hungary,40
Adult games are disappearing from platforms like Steam,20
The Daily Show host Josh Johnsons first monologue takes a damning look at Trump and Epstein,50
We are not ready for better deepfakes,40
Ike Barinholtz cast as Elon Musk in OpenAI film from Luca Guadagnino,5
How flood-ravaged Boston took on the climate deniers – and won,70
My daughter’s health was a mystery. The answer was on the other side of the world,70
Trump visits Federal Reserve and tussles with Jerome Powell in extraordinary moment,60
"No, Instagram didn’t suspend Zohran Mamdani’s account for being ‘too socialist’",0
Forget dead batteries — these Bluetti power stations are game-changers for the outdoors and power outages,85
Thailand reports 14 people killed in clashes at border with Cambodia,2
43 Products That’ll Practically Pay You Back With How Often You Use Them,60
US regulators approve $8.4bn Paramount-Skydance merger,5
"Seth Meyers on the Epstein files: ‘The more you try to hide something, the more people want to see what it is’",40
The ICJ Rules That Failing to Combat Climate Change Could Violate International Law,2
How to watch England vs. India (Test 4) online for free,95
12-year-old Little Leaguer allowed back in state tourney after judge overturns bat flip suspension,40
‘This is not AI’: why oiled-up abs are the least radical thing about Sacha Baron Cohen’s reinvention,40
"Musk’s Starlink satellite system hit by network outage, company says",2
Gazans Are Dying of Starvation,2
Two more killed amid raging wildfires in Cyprus and Turkey,4
I don’t identify with my country’s values anymore. Is this ‘citizenship insecurity’?,20
Caitlin Clark remains sidelined with injury; Fever say there's ‘no timetable available’ for return,10
Anne Burrell's Cause Of Death Has Been Revealed,80
This is how we do it: ‘We broke up and started having the most amazing sex’,90
France Will Recognize Palestinian Statehood,2
"NYT Strands hints, answers for July 23, 2025",0
Alina Habba Is Named Acting U.S. Attorney in New Jersey,1
South Parks Trump-bashing Season 27 premiere has the White House fuming,8
Meet the full Pixel 10 lineup thanks to Google leak,50
Oleksandr Usyk ordered to defend WBO heavyweight title against Joseph Parker,5
The new Lego Game Boy is peak nostalgia for 90s kids,40
VTuber agency VShojo shuts down after talent exodus,10
Illegal immigrant seen snatching Chinese sex slave who escaped Texas trafficking ring had deportation case canceled under Biden,85
Get both Microsoft Office Pro and Windows 11 Pro for just $55 for life,85
The 5 new iOS 26 features to try after installing the public beta,1
Storms in New Mexico Cause Flash Flooding and Water Rescues,5
Starlink’s satellite internet is back online after a massive outage,20
Trump Says He’s ‘Getting Rid of Woke’ and Dismisses Copyright Concerns in AI Policy Speech,20
Consent decrees force schools to desegregate. The Trump administration is striking them down,5
Harvey Fierstein: ‘There are so few heterosexual men that I know that I look up to’,0
Why does technology create new problems for each problem it solves? | Mark Buchanan,60
"‘If I switch it off, my girlfriend might think I’m cheating’: inside the rise of couples location sharing",60
‘At least here I can’t hear the blasts’: Thai evacuees flee Cambodian border clashes,3
Is Apples Liquid Glass too much for you? Weve got good news.,80
Muscogee court affirms citizenship for descendants of people enslaved by tribe,2
"U.S. Conducts Rare Raid in Syria, Killing a Senior Islamic State Leader",10
A Surprise Pokémon Game Just Dropped for Switch and Mobile,30
Are Yahoo Mail and AOL email down? Heres what we know about the email services outages.,60
"If You’re Ready To Overhaul Your Backyard Or Patio This Season, These 32 Products Will Breathe New Life Into Your Outdoor Space",21
"Who or what is Trump's ""beautiful baby?"" Find out in the quiz",80
Apple just released the iOS 26 beta with Liquid Glass. Heres how to try it now.,75
"As Consumers Lose Their Appetite, Food Brands Fight to Keep Wall St. Happy",60
The Daily Show mocks Trumps Epstein friendship with a brutal parody ad,25
An octagonal city and the closed Acropolis: photos of the day – Friday,2
Trump drops Epstein-linked names that media ‘ought to be speaking about’ amid files firestorm,85
Get a power ratchet and wrench kit for just $115,70
"NYT Strands hints, answers for July 24, 2025",0
Thailand-Cambodia border clashes: acting Thai PM says fighting ‘could develop into war’ – as it happened,15
"4 Best Folding Phones (2025), Tested and Reviewed",2
Seth Meyers: ‘We’re just one Epstein story away from Trump announcing that UFOs are real’,80
Bring home a new 11-inch iPad for $50 off,0
How to unblock Pornhub for free,70
The Assassin review – Keeley Hawes’s menopausal hitwoman drama is perfectly crafted TV,5
"From 60 Minutes to Colbert, it’s been a dark time for CBS. But there’s a ray of hope | Margaret Sullivan",30
Is your garden out of control? Don’t stress: embrace the chaos,40
Stay powered up in any situation with the Anker Solix C300 portable power station for under $220,40
Samsung Galaxy Watch8 and Watch8 Classic Review: The Squircle,2
Indian prime minister makes official UK visit to sign landmark trade deal,1
Israel trying to deflect blame for widespread starvation in Gaza,30
US couples with a noncitizen partner: did you decide to get married because of immigration policy concerns?,60
What to Know About the Thailand-Cambodia Clash,5
"Ghislaine Maxwell gave DOJ info about ‘100 different people’ linked to Jeffrey Epstein, lawyer says",40
"Americans, Share With Us A Normal Aspect About America That Shouldn't Actually Be Normalized",80
One of our favorite Lego sets is $16 off right now at Amazon,2
Kesha review – a triumphant and electric return for pop’s comeback kid,2
"‘Come with me, Chuck E’: Florida police arrest mascot for credit card fraud as children look on",80
Thai military closes all Cambodian border checkpoints as death toll from fighting rises – as it happened,3
Apple rumors reveal 8 products we could still see in 2025,60
‘The way a child plays is the way they live’: how therapists are using video games to help vulnerable children,2
What is woke AI? Decoding the White Houses new target.,80
15 Signs That Are So Aggressively Funny You'll Pull A Muscle Trying To Keep A Straight Face,80
Brandon Aiyuk's wife gives intel on why NFL WAGs are 'in a panic' during training camp,60
"A popular VPN is seeing a 1,400% spike in signups as the UKs age verification law takes effect",80
Lobbyist breaches go unsanctioned as critics call for Australia’s rules to be strengthened,20
Superman’s Fortress of Solitude is a Silver Age man cave inspired by nature’s beauty,2
Trump Reportedly Ended A Call With A CNN Reporter After Being Asked About This Old Epstein Photo,60
OpenAI Seeks Additional Capital From Investors as Part of Its $40 Billion Round,10
"NYT Connections hints today: Clues, answers for July 25, 2025",2
8 portable hammocks for relaxing in nature,5
Fair by Jen Calleja review – on the magic of translation,3
Lyft announces new tools to favorite (and block!) specific drivers,5
"Here's How ""South Park"" Was Able To Get That Trump Micropenis Into The Episode",87
"The Fantastic Four: First Steps game-changing mid-credits scene, explained",40
Google Gemini deletes user’s code: ‘I have failed you completely and catastrophically’,80
From punk rock to gardening classes: the cemeteries getting a new lease on life,10
Settle down this summer: Best dating apps for serious relationships,8
These Powerful Fans Will Keep You Cool — No AC Necessary,82
Jennifer Love Hewitt slams Sarah Michelle Gellar feud rumors: ‘Nobody asks how often Freddie and Ryan have seen each other’,60
My favorite travel companion is the Anker Nano 3-in-1 power bank,30
Which Modern Home Design Trends Probably Won't Last?,60
"Medical Professionals, Tell Us The Common Health ""Mistakes"" You Would Completely Avoid",60
Score a Samsung Galaxy Tab A9+ now that its back under $150,20
Hulk Hogan Used Clothing As a Key Part of His Brand,5
"As food prices rise, Mamdani wants public grocery stores in New York. Can it work?",5
Nothing has launched a $99 AI-powered smartwatch — and its already on sale,50
"No, of Course You Can’t Actually Play the New Lego Game Boy",60
"OpenAI could drop GPT-5 in August, report says. Catch up on the latest rumors and leaks.",80
RFK Jr wants bright artificial dyes out of food. Are Americans ready to let go?,60
The History of Sound trailer: Paul Mescal and Josh OConnor sing and fall in love in romantic drama,40
Controversial Interior Department Aide From DOGE to Leave Agency,11
"Civil rights organization declares 'state of national emergency,' citing attacks on DEI",30
Paramount-Skydance merger approved after companies agree to government speech demands,2
Controversial womens safety app Tea target of massive hack,60
Lyft’s self-driving shuttle buses are coming soon,1
"Fellow Millennials, Let's Talk About Our Most Embarrassing Trends That Gen Z Would Absolutely Roast Us For",80
"Hurdle hints and answers for July 25, 2025",1
EU’s von der Leyen to meet Trump in Scotland on Sunday to discuss trade – as it happened,2
"Smoke signals: from Charli xcx’s nuptials to The Bear, cigarettes are everywhere",70
‘Worst of the worst’ snared: ICE nabs illegal immigrants convicted of horrific crimes,80
"The Fitbit Charge 6 is lacking a key feature, and I just cant get over it",60
Hulk Hogan – a life in pictures from wrestling fame to Trump rallies,20
Los Angeles Mayor Bass says 'hell yeah' she regrets Ghana trip after wildfires ravaged city,60
Here Are 12 Celebrities Who Have Died Recently,60
"Dynabook Portégé Z40L-N Review: Replaceable Batteries, High Price",10
Turn the parody up to 11: the best spoof movies – ranked!,95
The Age-Checked Internet Has Arrived,0
The real winners from Trump’s ‘AI action plan’? Tech companies,20
"Chappell Roan Called Out A Canadian Province In Her New Song, And It's Totally Exposing Americans On The Internet For Being Geographically Stupid",80
Fewer resident doctors thought to have gone on strike than in last year’s NHS stoppage,2
Steam and Itch.io Are Pulling ‘Porn’ Games. Critics Say It’s a Slippery Slope to More Censorship,80
Super Pocket Neo Geo Edition Review: Pocketable Fun,2
Top Boy actor Micheal Ward charged with rape and sexual assault,40
What are the Jeffrey Epstein files and will they be released?,20
"Older Adults, Tell Us The Trends From ""Back In The Day"" That You Actually Hate Now",70
Australian actor Rebel Wilson sued by production company behind her own film,30
Ghislaine Maxwell interviewed again by deputy US attorney general,2
"Pentagon freezes out DC think tanks in new move, citing 'America last' concerns",60
‘Japanese First’: breakthrough by rightwing populists sparks fears of anti-foreigner backlash in Japan,57
Hulk Hogan’s Villainous Turn Changed Pro Wrestling,10
"Venus Williams, 45, falls short in bid for first win streak since 2019",5
New York Times op-ed details how Democrats lost the non-White voters Obama gained,2
Sentence before verdict: Trump’s attack on Obama is straight out of Alice in Wonderland | Austin Sarat,4
Cult-favorite Bose QuietComfort headphones are $130 off — snag em while you can,75
"NYT Connections hints today: Clues, answers for July 24, 2025",10
"Thailand-Cambodia dispute: 130,000 Thai civilians evacuated amid second day of clashes",50
Ditch subscription fees and get 20TB of cloud storage for life,80
Wear flowers in your hair … and take the bus: San Francisco fetes Grateful Dead concerts with tie-dye,35
Join Our Next Livestream: Inside Katie Drummond’s Viral Interview With Bryan Johnson,60
"Bluetti’s small, camp-friendly generator is over 30 percent off",2
I ‘fooled’ Samsung’s new antioxidant feature with a Cheez-It,85
The Very Real Case for Brain-Computer Implants,30
The UK’s new age-gating rules are easy to bypass,80
The World Must See Gaza’s Starvation,85
NSW real estate agents threaten renters with fees if they are not home for tradespeople – but legally they don’t have to be,60
Jessica Alba and Danny Ramirez drive off together after dinner date in LA,2
"‘They all looked the same, they all dressed the same’: has Hollywood distorted the Smurfs’ communist roots?",60
"Hit the road, Jack! Lumberjills chip their way into timber sports",0
‘Intrinsically connected’: how human neurodiversity could help save nature,2
Paramount Has a $1.5 Billion ‘South Park’ Problem,40
The Mac Studio with M2 Max is down to a record-low price at Amazon,30
I game on almost everything — and the SteelSeries Arctis Nova 7X still wins every time,4
My favorite iPad is $50 off at Walmart — get it before it sells out,90
Florida Is Now a Haven for Unproven Stem-Cell Treatments,8
The Internet Archive just became an official U.S. federal library,2
"Reviewers Say They'll Use These 30 Products ""Forever,"" And You'll Probably Feel The Same Way",80
Elden Ring Nightreign is adding two-player co-op,0
Trump says Obama ‘owes me big’ for Supreme Court immunity ruling,40
The Garmin vívoactive 4 was my ride or die — until the vívoactive 5 showed up,50
"Graham Thorpe’s care had ’failings’ in last months of his life, says coroner",1
Errors found in US judge’s withdrawn decision stink of AI,60
Cabinet ministers and third of MPs call on Starmer to recognise state of Palestine,10
Sign up for The Long Wave newsletter: our weekly Black life and culture email,0
‘Perfect match’: Charli xcx in Vivienne Westwood becomes gen Z’s bridal muse,60
Arrested Kenyan activist Boniface Mwangi faces terror charges,20
"""Going Back Is Not Hard. It's Just Time-Consuming"": People In Their 30s And 40s Are Sharing The Reality Of Returning To School Later In Life",1
Browns linebacker Jordan Hicks retires at 33 in offseason shocker,16
Dear Life Kit: My friend says ugly things about her body and it makes me anxious,2
Tour de France: Arensman pips top guns Pogacar and Vingegaard on stage 19,10
"Pelosi confident about Dems' chances to win House, predicts Jeffries will be speaker",6
Too much moose meat was factor in plane crash that killed Alaska lawmaker’s husband,2
The Nintendo Switch 2 is *finally* easier to buy — heres how to find it in stock,80
Stop Whining About Annoying Body Problems And Start Solving Them With These 36 Products,95
"Neanderthals were not ‘hypercarnivores’ and feasted on maggots, scientists say",6
"Trump voters wanted lower medical bills. But for millions, bills are about to go up",1
Pebble is officially Pebble again,0
"We dont exactly know why, but Steak n Shake is giving away free Labubu toys",60
"Google AI Overviews has devastating impact on website traffic, study says",60
Subscriptions stink. Get the Microsoft Office suite for life instead.,80
"If You’re Old Enough To Have Actually Experienced The Y2K Era, These 31 “Boring” Summer Products Will Probably Excite You",60
Heres what all the late night hosts said about Stephen Colbert and The Late Show being cancelled,80
“Boy Meets World” Star Danielle Fishel Has Revealed That She Has Breast Cancer,20
How video games are keeping romance alive – one level at a time,50
"Warhammer 40K: Space Marine 2, one of the best games of 2024, is at its lowest-ever price on Amazon",75
The popular Amazon Fire TV Stick 4K is back under $25,1
Artist pulls art from Smithsonian gallery after museum tries to alter her trans Statue of Liberty painting,60
Yellowjackets star Liv Hewson shares their must-see movies and guilty TV pleasures,2
"Five free, easy ways to fight chronic inflammation",2
Trump’s trip to Scotland is mostly to visit his golf courses. Where’s the backlash? | Mohamad Bazzi,5
25 Things Under $100 From Nordstrom That Reviewers Love For A Reason,40
Get a do-it-all AI tool for life for just £23,87
Stop what youre doing and snag Beats Solo 4 for $50 off,80
Albanese says Israel’s killing of civilians in Gaza ‘cannot be defended or ignored’ in strongest condemnation yet,2
Scoop up a brand-new Samsung Galaxy Watch 8 Classic and get a free $100 Amazon gift card,70
New York Historical Acquires Bill Cunningham Archive,5
"Surrogates at greater risk of new mental illness than women carrying own babies, study finds",28
Eswatini opposition attacks US deal as ‘human trafficking disguised as deportation’,50
I tried Gemini on the Pixel Watch — here’s what it’s like,25
What Kept You? by Raaza Jamshed review – an extraordinary debut full of ritual and poetry,2
Democrats rally in Texas over Trump order to redraw districts: ‘The only way they can keep power is to cheat’,70
Dining across the divide: ‘He talked about cancel culture going too far – Gregg Wallace came up’,14
‘It was a buddy movie – and then they kissed’: Stephen Frears and Hanif Kureishi on My Beautiful Laundrette at 40,2
Quick! Bose QuietComfort headphones are $130 off at Best Buy for 1 day only,85
Does Pedro Pascal die in this? Well tell you!,70
Nick Saban praises Trump's executive order cracking down on pay-to-play in college sports,0
Kelly Osbourne Shared A Heartbreaking Post Following Her Dad Ozzy Osbourne’s Death,80
Immigration agents told a teenage US citizen: ‘You’ve got no rights.’ He secretly recorded his brutal arrest,60
"NYT Connections Sports Edition today: Hints and answers for July 25, 2025",2
The WNBAs Sophie Cunningham got fined $500 after defending Caitlin Clark on TikTok,30
25 Carter's Pieces That'll Affordably Make Your Toddler's Wardrobe As Cute As Possible,60
‘We’re terribly sorry’: South Park creators respond with humour to White House anger over naked Donald Trump,80
France’s top court annuls arrest warrant for Bashar al-Assad,70
People Are Praising Ms. Rachel For Expressing Why She Refuses To Work With People Who Don't Speak Up About Gaza,60
Elon Musk hits back at Trump after president said he didn’t want to strip Tesla boss of subsidies,10
Thune vows to 'grind down' Democrats as Trump's nominees face 'unprecedented' Senate obstruction,85
How Will David Ellison Tackle the Big Problems at Paramount?,20
The Shahed blitz: can Russian drone onslaught break Ukraine’s resolve?,40
"""The Most Sudden And Extreme Tonal Shift I've Ever Seen In A Movie"" – 15 Films That Certainly Don't Stay On Course",80
5 Tech terms to know for your mental health,2
Trump signs executive order to rein in ‘chaotic’ influence of money on college sports,3
"Classroom platform Canvas getting more AI features, courtesy of OpenAI",5
Tell Us About Your Experience In A Cult And How You Got Out,95
Here’s how to watch tonight’s Yankees vs. Phillies game on Apple TV+ for free,60
Ex-Memphis player accused of sending playbook to opponent in college football shocker,80
You can now easily buy a Switch 2 without jumping through hoops,20
A Drag Queen Leaves the Stage on Her Own Terms,2
ChatGPT told an Atlantic writer how to self-harm in ritual offering to Moloch,90
'Outrageous' dramatizes the lives of the Mitford sisters,3
World’s smallest snake rediscovered in Barbados 20 years after last sighting,5
Asus’ slim ROG G14 gaming laptop with an RTX 5070 Ti is $350 off,8
Pakistan authorities arrest 13 suspects over ‘honour’ killing video,20
Breaking Bad creator’s new sci-fi show hits Apple in November,2
"Kilmar Ábrego García must be released from jail as he awaits trial, judge rules",1
Amazon is coming for Starlink satellite internet with Kennedy Space Center expansion,40
Children and teens roundup – the best new picture books and novels,2
Bounce legend Big Freedia on going gospel: ‘I never heard “God doesn’t love gay folks”. God loves us all’,20
‘City of singles’: cosmopolitan prewar Paris’s ‘crazy years’ brought to life,2
Starlink is down: Satellite internet customers report outage as company responds,12
Von der Leyen to meet Trump in Scotland as EU and US close in on trade deal,6
"Googles Try it on AI shopping tool impressed and mortified me, and now you can try it too",60
The Kindle Colorsoft Just Got Two More Models,2
"I used to be an escort, and a former client wants to be friends. What should I do? | Ask Annalisa Barbieri",60
"""This Is Why The Male Backflipping Epidemic Needs To Come To An End"" — People Can't Stop Laughing At This Video Of A CNN Guest Attempting To Do A Backflip Live",80
"Cheapening ‘genocide,’ strip the NEA of its charter and other commentary",60
Google AI Mode wants to be your personal stylist and interior decorator,60
Is Copilots new emoji-like avatar the new AI Clippy? Microsoft tests Copilot Appearance feature.,40
Malaria ‘back with a vengeance’ in Zimbabwe as number of deaths from the disease triple,20
Lucid joins Tesla and GM with hands-free highway driving,3
Gaza is starving. So are its journalists | Jodie Ginsberg,40
"Matty Healy’s Mom, Denise Welch, Said She’s “Glad” She’ll Never Be Taylor Swift’s Mother-In-Law, And I Can’t Believe How Brutal This Is",85
Home Office to penalise asylum seekers who refuse to move out of hotels,2
Thailand Warns of War With Cambodia as Deadly Clashes Enter 2nd Day,60
Gurnaik Johal: ‘I had no idea Zadie Smith was such a big deal!’,60
Kansas basketball coach Bill Self hospitalized after encountering 'concerning symptoms' in latest health scare,40
Can You Make Over $10K In This Beanie Baby Quiz?,80
Benjamina Ebuehi’s recipe for strawberry and custard doughnuts | The sweet spot,2
Albanese government to lift ban on working with PwC Australia as police investigation continues,5
"UK, France and Germany call for immediate end to ‘humanitarian catastrophe’ in Gaza and say Israel must lift aid restrictions – as it happened",0
This wireless gaming mouse from Razer is down to under $50 at Amazon,2
‘Happy Gilmore 2’ is Here — Shop New Callaway Golf Balls Inspired by the Movie,20
How to make your iPhone homescreen icons clear using iOS 26,80
"Best Indoor Garden Systems (2025), Tested and Reviewed",2
The polls look bad for Trump – but tyrants don’t depend on approval ratings | Judith Levine,5
7 Best Coffee Makers (2025): Drip Is Drippin',80
"NSW police actions should be examined in Tammy Shipley’s death in custody, lawyer argues",2
LA’s main utility to pay wildfire victims although cause of blaze undetermined,2
‘Resident Alien’ canceled at USA Network in shocking move ahead of Season 4 finale,90
How Samsung Galaxy AI features are making everyday tasks smarter,5
"To end the starvation in Gaza, Trump must lean on Netanyahu – so Starmer must lean on Trump | Jonathan Freedland",60
Post your questions for Stephen King,20
Volkswagen takes €1.3bn hit from ‘high costs’ of Trump tariffs,2
South Park creators have the most deadpan response to Trump episode controversy,2
"Under Siege From Trump and Musk, a Top Liberal Group Falls Into Crisis",60
The Roborock Qrevo Edge robot vacuum is back at its lowest-ever price — save $500 at Amazon,60
Anker is no longer selling 3D printers,0
"If You Have A D+ Cup, Here Are 27 Products You'll Want To Take A Look At",80
‘South Park’s most furious episode ever’: the jaw-dropping Satanic takedown of Donald Trump,98
The Apple AirPods Max are close to $100 off right now at Amazon — score them for under $450,64
"Intel is laying off 24,000 employees and retreating from some countries",20
"‘Possibly hostile’ alien threat detected in unknown interstellar object, a shocking new study claims",90
Comfortable Walking Sandals That Reviewers Wore On Vacation,5
The Line Trump Crossed by Accusing Obama of Treason,80
Zenbivy Light Bed Review: Still the Best Backcountry Sleep System,1
Anker’s Space Q45 noise-cancelling headphones are down to their lowest-ever price,3
Netflix’s push into tie-in games now includes two weird Happy Gilmore titles,40
46 Products With Impressive Review Photos For Folks Who Have To See It To Believe It,78
"Apple AirPods Max (2020) Review: Insanely Great, Insanely Expensive",60
What does it take for a famine to be declared in Gaza?,1
People like extroverted robots — but they relate to the neurotic ones,40
First Deportation Flights Depart From Florida’s ‘Alligator Alcatraz’,60
"Facebook ranks worst for online harassment, according to a global activist survey",20
Behind Trump’s War With Powell: A Battering Ram With 3 Million Followers,80
Not a fan of Apples new Phone app in iOS 26? Heres how to change it back.,60
"What Galaxy AI can do for your phone, from photos to performance",22
"'South Park' creators reveal battle with network over wild Trump depiction, joke they're 'terribly sorry'",60
"The Fantastic Four: First Steps end-credits scene, explained",10
The best smart scales at Amazon will up your health game — and they start at just $20,60
"NYT Mini crossword answers, hints for July 25, 2025",0
The First Planned Migration of an Entire Country Is Underway,20
Trump administration threatens to shut TikTok down if it cant make a deal with China,40
Microsoft’s controversial Recall feature is now blocked by Brave and AdGuard,5
Breaking down Trump’s big gift to the AI industry,4
Samsung Galaxy Z Fold7 and Galaxy Z Flip7 Review: A Promising Update,2
California: appeals court blocks background checks for ammunition buyers,40
A Top NASA Official Is Among Thousands of Staff Leaving the Agency,8
"Severe malnutrition in under-5s has tripled at Gaza City clinic, charity reports",12
‘Doomsday mom’ Lori Vallow Daybell handed two more life sentences on Arizona murder conspiracy convictions,30
Just 25 Pieces Of Home Decor From Anthropologie That Deserve A Spot In Your Home,40
What we know about Columbia's $221 million settlement with the Trump administration,0
Five Nights at Freddys 2 trailer means the animatronic nightmare isnt over,80
Was This Artifact From King Tut’s Tomb? It’s for Sale Anyway.,80
Top Bananza! Donkey Kong’s long-awaited return is a literal smash-hit,80
Robot vacuums vs. stick vacuums: Shopping advice from someone who has both,2
"Cleo Laine, Britain's most successful jazz singer, dies aged 97",1
"Bucs’ Desmond Watson, NFL’s heaviest player, placed on non-football injury list due to weight",40
How to unblock Pornhub for free in the UK,60
I’m a shopaholic toddler-mom: These are the best kids’ clothing brands worth every cent,60
The US cities left behind as Trump ends key police accountability reforms,40
"Literally Just 43 Tweets That Made Me Forget Donald Trump Was President For A Few Minutes, Because I Was Too Busy Laughing",82
Caribbean leaders hail ICJ climate ruling as ‘historic’ win for small island states,2
Spat Between Thai and Cambodian Leaders Fuels Deadly Border War,80
U.S. and Mexico Sign Deal to Stop Sewage Release Into Tijuana River,2
"Week in wildlife: a rescued monkey, squabbling jays and an amputee camel",10
LELO just launched an ultra chic dual-ended wand vibrator,5
Israel to Allow Aid Airdrops Over Gaza During Starvation Crisis,3
The best iPhones,10
How to unblock Pornhub for free in Virginia,80
Macron Recognizes a Palestinian State. But to What End?,40
‘Old people are capable of more’: meet the female weightlifters in their 70s and 80s,20
"""You Mean I’m Paying $500 Because Someone Else Didn’t Have Insurance?"": People Are Sharing The Biggest Everyday Scams In America",85
We Kindly Interrupt Your Doomscrolling To Ask For Some Honest Feedback About Reading BuzzFeed,85
"Air pollution raises risk of dementia, say Cambridge scientists",5
A star may have survived partial black hole spaghettification,30
Our new favorite budget noise-cancelling headphones are on sale for just $52,8
38 Travel Items That Will Earn And Keep Their Place In Your Suitcase,2
Venezuelan Little League team unable to participate in World Series after visa denial,2
Scan any document with your phone for only $42 for life,92
Adam Sandler and Julie Bowen on the motion-capture tech they used to make themselves younger in Happy Gilmore 2,92
"People Are Sharing The Oddly Specific Things That Give Them ""Bad Vibes,"" And I'm Actually Shocked By Some Of These Things",62
Shaq details why ‘I f–king hate’ Rudy Gobert in wild rant as bad blood intensifies,94
Photos: Here Are the Piles of Used Bedding and Children’s Play Sets Left Near DOGE’s Old Offices,40
WNBA truths and fictions: the real state of the league in 2025,40
UK’s aid cuts ‘will hit children’s education and raise risk of death’,80
"Here's A First Look At Meryl Streep As Miranda Priestly In ""The Devil Wears Prada 2,"" And More TV And Movie News You Need To Know",50
1Password Coupon: Get Up to 50% Off in July,70
"Women, What Microaggressions Have You Had To Deal With In Everyday Life?",95
Real-life ‘RoboCop’ makes debut in Shanghai — directing traffic at bustling intersection,15
US heat dome causes dangerous conditions for more than 100 million people,2
Tell us: have you ever revenge quit?,10
California man accused by feds of scamming $2 million from people on dating apps,20
"You can pre-order the Fantastic Four: First Steps Galactus LED popcorn bucket, which sold out in seconds",90
Red Lobster Is Out Of Bankruptcy And Betting It All On A Seafood Boil — But Is It Actually Any Good? Here's What I Thought,60
Medical staff face charges after allegedly interfering with California ICE arrest,20
Experience: I found a stranger under my hotel bed,60
"Khruangbin, again? I quit Spotify for a month to escape samey algorithms – this is what I learned",60
The GOP's Message for Tech Billionaires: Be Like Peter Thiel,30
Westside Cowboy’s ramshackle Americana – plus the week’s best new tracks,10
Los Angeles FC keen on move for Tottenham captain Son Heung-min,20
Trump tussles with Jerome Powell on rare visit to Federal Reserve,3
"This tool is a shortcut to smarter, faster work with AI — and it’s A$123 for life",80
"‘He spoke up for me when I was in prison’: Anthrax, Lamb of God, Rick Wakeman and more share memories of Ozzy Osbourne",10
‘We ended up in a pay-by-the-hour love motel’: travel pros on their holiday disasters (and how to avoid them),60
43 Products I Wish Everyone Knew About,80
"Aaron Rodgers shrugs off opening Steelers training camp with a pick: 'I'm gonna throw some touchdowns, too'",30
"14 Best USB Flash Drives (2025): Pen Drives, Thumb Drives, Memory Sticks",0
Trump’s Name Is on Contributor List for Epstein Birthday Book,40
House Freedom Caucus conservative to enter race for South Carolina governor,0
The 40 Best Movies on Hulu This Week (August 2025),20
"Anime Girl VTubers Are Selling Out Concerts, but Are They ‘Real’? Depends on Who You Ask",70
One day inside the deportation machine at a federal immigration court in New York,4
Ghislaine Maxwell’s lawyer says Trump administration hasn’t offered clemency but she answered ‘every single question’ – live,20
Red Bull go full throttle for Laurent Mekies as enthralling new era begins at Spa,12
Seth Meyers recaps the Trump/Epstein scandal in 10 damning minutes,80
"Padres vs. Cardinals predictions, odds: MLB picks, best bets Friday",20
Lionel Messi and Jordi Alba suspended by MLS for skipping All-Star game,40
Donald Trump Did Not Rule Out Pardoning Ghislaine Maxwell When Asked By Reporters,20
Americans Are Obsessed With Watching Short Video Dramas From China,20
How Trump has supercharged the immigration crackdown - in data,20
Microsoft’s AI CEO thinks Copilot will age and ‘have a room that it lives in’,48
MLB trade deadline action gets underway as Mariners acquire first baseman Josh Naylor from Diamondbacks,2
"Peacock just got a massive price hike, but there are still ways to save",20
"People Are Gushing Over This ""Extremely Cute"" Moment Between JoJo Siwa And Chris Hughes",60
Bill Clinton reportedly sent Jeffrey Epstein note for birthday album,60
South Korea Plans to Build a Base on the Moon,3
33 Easy-To-Use Kitchen Products That’ll Make You Feel Like You Can Actually Cook,60
‘A delightful slice of unhurried life’: readers’ favourite European islands,2
People Are Losing It Over This Painfully Awkward Moment When The Fed Chair Live Fact-Checked Trump,82
Ex-Giants lineman Justin Pugh announces NFL retirement after 11-year career,2
"Cleo Laine, Acclaimed British Jazz Singer, Is Dead at 97",2
These popular DJI drones are finally in stock at Amazon — grab them while you can,85
This Is the Best Sleeping Bag,3
Comcast’s fix for streaming service overload is in your cable box,40
British families ‘sent wrong remains’ after loved ones killed in Air India crash,30
Jeffrey Epstein files: Tracing the legal cases that led to sex-trafficking charges,5
Somnee Smart Sleep Headband Review: High-Tech Help,2
"""They Had No Idea How Dangerous It Was."" Doctors Are Calling Out The ""Bad"" Habits That Are Actually Ruining Your Health",60
"5 Best Red-Light Therapy Masks and LED Devices of 2025, Reviewed",2
"Oh, Hi! review: Molly Gordon leads wildly funny sex comedy",30
Sign up for the Detox Your Kitchen newsletter on avoiding potentially harmful chemicals in your food,0
Want to pay down the national debt? The US government will take Venmo,80
"This Scottish Newspaper Cover ""Welcoming"" Donald Trump Is Going Viral",60
Happy Gilmore 2 review – Adam Sandler’s Netflix sequel is strictly for the fans,5
"Columbia’s $200M payout: Letters to the Editor — July 26, 2025",0
Trump’s Anti-Bias AI Order Is Just More Bias,50
"NYT Strands hints, answers for July 25, 2025",2
"Wordle today: Answer, hints for July 25, 2025",0
Theres still time to save $300 on the DJI Power 2000 portable power station,60
Ex-marine convicted of killing three people released to US in prisoner swap,10
Venezuelan teenagers denied US visas for Senior Baseball World Series,2
X is changing Community Notes to show posts liked by users with opposing views,10
AI-backed medical debt firm portrays payment plans as healthcare solution amid consumer group’s warnings,30
"People Have A Loooot Of Thoughts After The Justice Department Reportedly Told Trump In May That His Name Is In The ""Epstein Files""",80
Sign up for Fighting Back: a pop-up newsletter on defending democracy under Trump,2
‘We were heard’: the Pacific students who took their climate fight to the ICJ – and won,30
Hulk Hogan’s $7M NYC bar will still open after wrestler’s tragic death: ‘Poured his heart into this project’,40
Anthony Braxton: Quartet (England) 1985 review | John Fordham's jazz album of the month,2
Riverdance star Michael Flatley to seek Irish presidency nomination,30
Syncing desktops and better AI wallpapers are coming to ChromeOS,2
At least 20 killed as military plane crashes into Bangladesh school campus,2
NordVPN Coupon and Discount Codes: 76% Off,70
"Trump and Fed chairman clash over renovation site cost. And, Gaza peace talks stalled",20
Taste testing battery-flavored tortilla chips,60
Freud Museum faces call for inquiry over bullying and board misconduct claims,7
Justin Timberlake leaves fans fuming after barely singing during festival concert,8
Macron plan to recognise Palestine puts pressure on Starmer to choose a course,30
"The Best Samsung Phones of 2025, Tested and Reviewed",2
The first Kindle Kids with a color display is (finally) here,5
"Black People Who Are Former Christians, Tell Us Why You Became An Atheist",80
Stephen Colbert says the Epstein scandal will not go away,20
Diving into Apple’s Liquid Glass,10
"I Wish I Were Joking, But The Entire World Is Getting Dumber And Dumber, And These 50 Incredibly Dumb Posts Are All The Proof I Need",95
Death confirmed from rare and deadly 'brain-eating amoeba' in southern lake,20
"Moon phase today: What the moon will look like on July 25, 2025",18
Three-person IVF technique shown to prevent inherited genetic diseases,5
Sen. Rick Scott to fly banner urging New Yorkers who ‘hate socialism’ to move to Florida: ‘We have better beaches’,60
"US, Israel announce targeted killings of terror leaders in Syria and Lebanon",2
Vanessa Trump hits Southampton with ‘six black SUVs of Secret Service’,80
Inside Jeffrey Epstein’s cozy relationship with Steve Bannon — and what’s really on his 15 hours of interview tapes,80
"Ashley Judd, 57, shares body-positive message in swimsuit: ‘We don’t care club’",70
"Yankees acquire third baseman Ryan McMahon from Rockies, fill major need ahead of postseason push",10
Trump says it’s ‘no time to be talking about pardons’ for Ghislaine Maxwell as he lands in Scotland ahead of UK and EU talks – live,40
Terrified passengers 'flew out of their seats' during dramatic Southwest nosedive to avoid mid-air crash,70
Outrage After Alabama 3-Year-Old Dies in Hot Car While in State’s Care,60
